{
    "Parameters": {
      "VPCID": "vpc-0500defcea40f17ca",
      "LambdaSecurityGroup": "sg-004ef4ee3618206f9",
      "WatsonApiUrl": "https://gateway-fra.watsonplatform.net/assistant/api",
      "AppConfigServiceUrl": "http://internal-base-LoadB-3JQ0XEDX5F1S-605879722.eu-west-1.elb.amazonaws.com",
      "WatsonImportworkspacesUrl": "https://pvt-prod.chatbot-p.aws.nl.eu.abnamro.com/watson-tools/importWorkspaces",
      "CronJobRate": "cron(00 00,06,08,10,12,14,16,18 * * ? *)"
    },
    "Tags": {
      "Business Application CI": "CI0010798",
      "OAR/OPR ID": "AAB.SYS.13093",
      "Environment": "Production",
      "Confidentiality": "2",
      "Integrity": "2",
      "Availability": "2",
      "Block ID": "BLK0001295",
      "Billing Code": "NL02211",
      "Last Change": "SCHG0429484"
    }
  }
  