{
    "Parameters": {
      "VPCID": "vpc-0941492ed8b7beecb",
      "LambdaSecurityGroup": "sg-0d5c38e638e2992ec",
      "WatsonApiUrl": "https://gateway-fra.watsonplatform.net/assistant/api",
      "AppConfigServiceUrl": "http://internal-base-LoadB-TSWCGMIMYF7D-2070485862.eu-west-1.elb.amazonaws.com",
      "WatsonImportworkspacesUrl": "https://pvt-uat.chatbot-ta.aws.nl.eu.abnamro.com/watson-tools/importWorkspaces",
      "CronJobRate": "cron(00 00,06,08,10,12,14,16,18 * * ? *)"
    },
    "Tags": {
      "Business Application CI": "CI0010798",
      "OAR/OPR ID": "AAB.SYS.13093",
      "Confidentiality": "2",
      "Integrity": "2",
      "Environment": "Acceptance",
      "Availability": "2",
      "Block ID": "BLK0001295",
      "Billing Code": "NL02211",
      "Last Change": "SCHG0390458"
    }
  }
  