{
    "openapi": "3.0.0",
    "info": {
        "description": "OAS3 definition for Web API Chatbot Platform (watson-tools)",
        "version": "1.0.0",
        "title": "Watson Tools",
        "termsOfService": "https://www.abnamro.nl",
        "contact": {
            "email": "teamchatbot@nl.abnamro.com"
        },
        "license": {
            "name": "ABN AMRO N.V.",
            "url": "https://www.abnamro.nl"
        }
    },
    "basePath": "/v3",
    "tags": [{
        "name": "Skill Migration",
        "description": "Migrates the skills between workspaces"
      }],
    "security": [{
        "apiKey": [],
        "appId": []
    }],
    "schemes": [
        "https",
        "http"
    ],
    "paths": {
        "/watson-tools/exportWorkspaces": {
            "post": {
                "tags": [
                    "Skill Migration"
                ],
                "summary": "Migrates the skills",
                "description": "Main API for migrating the skills from one environment to another environment. <br> Make sure to provide superkey and botId in headers <br> Example: <br> X-API-KEY: 48f58eea-de89-4d81-b011-dbb5e97102 <br> X-APP-ID: 012345678",
                "operationId": "exportWorkspaces",
                "consumes": [
                    "application/json"
                ],
                "requestBody": {
                    "required": true,
                    "content": {
                        "application/json": {
                            "schema": {
                                "$ref": "#/components/schemas/Request"
                            }
                        }
                    }
                },
                "responses": {
                    "200": {
                        "description": "Successful Operation.",
                        "content": {
                            "application/json": {
                              "schema": {
                                "$ref": "#/components/schemas/Response"
                              }
                            }
                        }
                    },
                    "401": {
                        "description": "Authorisation Failed",
                        "content": {
                            "application/json": {
                              "schema": {
                                "$ref": "#/components/schemas/Error"
                              }
                            }
                        }
                    },
                    "500": {
                        "description": "Internal Server",
                        "content": {
                            "application/json": {
                              "schema": {
                                "$ref": "#/components/schemas/Error"
                              }
                            }
                        }
                    },
                    "504": {
                        "description": "Gateway Time-out",
                        "content": {
                            "application/json": {
                              "schema": {
                                "$ref": "#/components/schemas/Error"
                              }
                            }
                        }
                    },
                    "default": {
                        "description": "Unexpected error"
                    }
                }
            }
        }
    },
    "components": {
        "securitySchemes": {
            "apiKey": {
                "type": "apiKey",
                "in": "header",
                "name": "X-API-KEY"
            },
            "appId": {
                "type": "apiKey",
                "in": "header",
                "name": "X-APP-ID"
            }
        },
        "schemas": {
            "Request": {
                "type": "object",
                "properties": {
                    "workspaceNames": {
                        "type": "array",
                        "items": {
                            "type": "string"
                        }
                    }
                },
                "example": {
                    "type": "object",
                    "workspaceNames": [
                        "anna-direct-debit",
                        "anna-master-flow"
                    ]
                }
            },
            "Response": {
                "type": "object",
                "properties": {
                    "status": {
                        "type": "string"
                    },
                    "name": {
                        "type": "string"
                    },
                    "fromID": {
                        "type": "string"
                    },
                    "s3File": {
                        "type": "string"
                    }
                }
            },
            "Error": {
                "type": "object",
                "properties": {
                    "code": {
                        "type": "integer",
                        "format": "int32"
                    },
                    "type": {
                        "type": "string"
                    },
                    "message": {
                        "type": "string"
                    }
                }
            }
        }
    }
}
